Probability of inference < 0.9 (90%),,,,,,,,,,,,,,,,
Probability of inference < 0.5 (50%),,,,,,,,,,,,,,,,
" ",Taxa,,,,,,,,,,,,,,,
" ",1rex LYSO,var LALBA,var LYZL1,var LYZL2,var LYZL4,var LYZL6,var SPACA3,var SPACA5,var SPACA5B,10,11,12,15,,,
" ",→,→,→,→,→,→,→,→,→,→,→,→,→,,,
" ",13,13,11,11,12,12,15,10,10,16,14,16,14,,,
Site,,,,,,,,,,,,,,,,
1,,,,,S → Y,,,,,,,K → S,,,,
2,I → V,I → Q,,,,I → L,I → L,,,,,,,,,
3,Y → F,Y → F,,,I → L,,,,,,,Y → I,,,,
4,,E → T,,,,G → S,E → G,,,,E → T,E → G,,,,
5,,R → K,,,,,,,,,,,,,,
7,,,,,E → T,E → D,,,,,E → K,,,,,
8,,,,,L → V,,,,,,,,,,,
9,,A → S,,,,,,,,,,,,,,
10,,R → Q,,,R → K,R → Q,,,,R → A,R → K,,,,,
11,I → T,I → L,,,V → K,,,,,V → R,V → I,,,,,
12,,,,,,,,,,,L → F,,,,,
13,,,,,,H → Q,,,,H → E,H → S,,,,,
14,,R → F,,,R → D,R → L,R → D,,,,,,,,,
15,A → L,A → F,,,A → G,A → E,A → F,,,,,,,,,
16,,G → D,,,,G → D,,,,,,,,,,
17,L → M,L → I,,,,,,,,,,,,,,
18,,,,,,,,,,D → N,,,,,,
19,,,,,G → Y,,,,,,G → N,,,,,
20,,,,,,,,,,,,Y → F,,,,
21,,R → G,,,,,,,,R → K,R → W,R → E,,,,
23,,,,,,,,,,,Y → F,,,,,
24,,S → A,,,,,,,,S → G,,,,,,
25,,,,,,,,,,L → V,,,,,,
26,,A → P,,,A → E,A → S,,,,A → G,A → G,,,,,
27,,N → E,,,D → N,,,,,,,,N → D,,,
28,,W → L,,,,,,,,,,,,,,
29,I → M,,,,L → V,,I → V,,,I → L,,I → L,,,,
31,M → L,M → T,,,,,M → L,,,,,M → L,,,,
32,,A → M,,,,,,,,,,,,,,
33,Y → K,Y → F,,,,Y → F,,,,Y → H,,,,,,
34,Y → W,Y → H,,,,F → V,Y → F,,,,,Y → F,,,,
35,,E → T,,,,,E → T,,,,,,,,,
37,,,,,,,,,,,,G → K,,,,
38,,,,,,,,,,,,,Y → F,,,
39,,N → D,,,,,,,,N → D,,,,,,
40,,,,,T → P,T → I,T → A,,,,,,,,,
41,,R → Q,,,A → M,A → S,,,,,A → T,,,,,
42,,,,,,A → K,,,,A → F,,,,,,
43,I → T,,,,,,I → L,,,I → V,I → Q,,,,,
44,,N → V,,,N → Y,,N → D,,,N → D,N → T,,,,,
45,,Y → E,,,,,,,,,Y → V,H → E,,,,
46,,,,,,,N → E,,,,N → L,,,,,
47,,A → N,,,A → T,A → F,,,,A → P,A → D,,,,,
48,- → G,- → F,- → F,- → F,A → R,,- → F,- → F,- → F,- → F,- → F,- → A,- → F,,,
49,,D → F,,,D → E,,,,,,,,,,,
50,G → R,G → E,,,,,,,,,,,,,,
51,,,,,S → Y,,,,,,,,,,,
52,,,,,,T → F,,,,T → S,T → I,,,,,
53,,D → E,,,D → G,,D → N,,,D → E,,,,,,
54,,,,,Y → F,,Y → N,,,,,,,,,
56,,I → L,,,,,,,,,,I → L,,,,
59,,,,,I → M,,,,,I → L,,,,,,
60,,N → S,,,N → R,,,,,,,,,,,
61,,S → N,,,S → G,,,,,,,,,,,
62,,R → K,,,H → S,,,,,R → A,R → F,R → H,,,,
63,,Y → L,,,Y → D,,Y → R,,,Y → W,Y → A,,,,,
66,,N → K,,,N → G,,N → S,,,N → D,N → R,,,,,
67,N → D,N → S,,,,,,,,,N → R,N → D,,,,
68,,G → S,,,,H → Y,G → F,,,,,G → H,,,,
69,,K → Q,,,K → G,,K → L,,,K → I,,,,,,
70,,T → V,,,T → F,T → S,,,,,T → L,,,,,
71,,,,,P → F,P → Y,,,,,P → K,,,,,
72,N → G,N → Q,- → F,- → F,- → F,- → F,,- → F,- → F,- → F,N → F,- → F,,,,
73,,A → S,,,S → F,,A → V,,,,A → E,T → S,,,,
74,K → V,K → R,,,K → R,K → E,K → P,,,,K → N,,,,,
76,V → A,V → I,,,L → R,,L → V,,,,L → H,,,,,
78,,H → D,,,,,H → R,,,,,,,,,
79,M → L,M → I,,,,M → V,,,,,M → V,,,,,
80,,,,,D → S,,S → Y,,,,S → A,,,,,
82,,S → D,,,,S → Q,,,,S → H,,,,,,
83,,A → K,,,D → A,,,,,,,,A → D,,,
84,,L → F,,,,,,,,,,,,,,
85,,,,I → V,,,,,,,L → I,,,,,
86,N → Q,N → D,,,,,,,,,N → T,,,,,
87,,,,,,,,,,P → R,,,D → P,,,
88,,N → D,,,,,,,,N → H,N → D,,,,,
89,,,,,,,,,,L → I,,,,,,
90,T → A,,,,L → E,,T → K,,,,,,,,,
91,,,,,D → K,D → A,,,,,,,,,,
92,,A → D,,,A → T,A → G,A → T,,,A → D,,,,,,
93,I → V,,,,,,I → V,,,,,,,,,
94,I → A,I → M,,,H → K,,,,,,,R → H,,,,
97,,,K → R,,,,K → M,,,,,,,,,
98,K → R,,,,R → T,,,,,K → Q,,K → R,,,,
99,I → V,,,,,,,,,,,,,,,
100,,V → L,,,,,V → T,,,,,,,,,
101,,R → D,,,,K → S,K → Q,,,K → S,,,,,,
102,E → D,E → F,,,,,,,,E → S,,E → G,,,,
103,,P → I,,,P → K,P → A,,,,P → Q,P → T,,,,,
104,,Q → K,,,Q → E,Q → R,,,,Q → N,,,,,,
106,M → I,M → I,,,,,M → L,,,M → L,,,,,,
107,N → R,N → D,,,N → G,,N → G,,,N → S,,,,,,
108,Y → A,,,,N → A,,,,,Y → A,,Y → N,,,,
110,,V → L,,,V → P,,V → E,,,V → T,V → Q,,,,,
111,,,,,A → T,A → E,,,,A → S,A → G,,,,,
112,,W → H,,,,,,,,,,,,,,
113,,R → K,,,R → S,,,,,,R → K,,,,,
114,H → N,H → A,,,H → R,H → L,,,,H → L,H → K,,,,,
115,H → R,H → L,,,H → Y,,,,,,,,,,,
117,,Q → T,,,,Q → S,,,,Q → S,Q → E,,,,,
118,G → N,G → F,,,G → S,,,,,,,,,,,
119,,R → E,,,R → D,,R → K,,,R → H,,,,,,
120,,D → K,,,D → T,D → P,,,,,,,,,,
121,L → V,,,,,,,,,,,,,,,
122,S → R,S → E,,,S → A,S → F,S → T,,,,,,,,,
123,,,,E → D,E → R,E → Y,,,,,,,,,,
124,W → Y,,,,,,,,,,,,,,,
125,,V → L,,,,,L → V,,,,V → K,,V → L,,,
126,,Q → C,,,K → D,K → T,K → D,,,,,,,,,
127,,G → E,,G → D,,,,,,,,,,,,
128,,C → K,,,,,,,,,,,,,,
129,D → G,D → L,,,R → K,,,,,,D → E,D → R,,,,
130,,V → F,,,,,M → F,,,,,M → L,V → M,,,
,,,,,,,,,,,,,,,,
,,,,,,,,,,,,,,,,
,,,,,,,,,,,,,,,,
,,,,,,,,,,,,,,,,
,,,,,,,,,,,,,,,,
,,,,,,,,,,,,,,,,
,,,,,,,,,,,,,,,,
,,,,,,,,,,,,,,,,
,,,,,,,,,,,,,,,,
,,,,,,,,,,,,,,,,
,,,,,,,,,,,,,,,,
,,,,,,,,,,,,,,,,
,,,,,,,,,,,,,,,,
,,,,,,,,,,,,,,,,
,,,,,,,,,,,,,,,,
